[
  {
    "id": "1515db91-3c3f-4df5-b7b4-3ea3d189c807",
    "data": [
      {
        "text": "Kun je dat toelichten?",
        "userDefined": false
      }
    ],
    "isTemplate": false,
    "count": 0,
    "updated": 0
  },
  {
    "id": "7587b2a3-4c33-4819-a886-21c0af180297",
    "data": [
      {
        "text": "Wat moet ik precies doen?",
        "userDefined": false
      }
    ],
    "isTemplate": false,
    "count": 0,
    "updated": 0
  },
  {
    "id": "3e650454-e177-450e-ab62-ae2d8e711b41",
    "data": [
      {
        "text": "Dat snap ik niet",
        "userDefined": false
      }
    ],
    "isTemplate": false,
    "count": 0,
    "updated": 0
  },
  {
    "id": "9ec25de4-9d39-435b-9d8b-a709bed77309",
    "data": [
      {
        "text": "Hoe bedoel je dat?",
        "userDefined": false
      }
    ],
    "isTemplate": false,
    "count": 0,
    "updated": 0
  }
]