[
  {
    "id": "dd225cbb-56de-4462-bfdb-19c8decfe27e",
    "data": [
      {
        "text": "juist",
        "meta": "@sys.ignore",
        "userDefined": false
      }
    ],
    "isTemplate": false,
    "count": 0,
    "updated": 0
  },
  {
    "id": "7635c39b-de9a-451e-8f27-a5072efd9a9a",
    "data": [
      {
        "text": "vandaar",
        "meta": "@sys.ignore",
        "userDefined": false
      }
    ],
    "isTemplate": false,
    "count": 0,
    "updated": 0
  },
  {
    "id": "8cc74d4f-c29b-43b8-8942-46ba5c020f22",
    "data": [
      {
        "text": "op die manier",
        "userDefined": false
      }
    ],
    "isTemplate": false,
    "count": 0,
    "updated": 0
  },
  {
    "id": "2179a905-7e8d-4cde-880b-09d9735d2a6f",
    "data": [
      {
        "text": "okee",
        "meta": "@sys.ignore",
        "userDefined": false
      }
    ],
    "isTemplate": false,
    "count": 0,
    "updated": 0
  },
  {
    "id": "54de4808-c02f-4f83-9d16-dd1af68d58be",
    "data": [
      {
        "text": "ok",
        "meta": "@sys.ignore",
        "userDefined": false
      }
    ],
    "isTemplate": false,
    "count": 0,
    "updated": 0
  },
  {
    "id": "8016a1d8-0ee6-4852-a12f-10e9658eac84",
    "data": [
      {
        "text": "aha",
        "meta": "@sys.ignore",
        "userDefined": false
      }
    ],
    "isTemplate": false,
    "count": 0,
    "updated": 0
  }
]