[
  {
    "id": "d12d7e28-c99a-4ae0-9a03-8384626f58c1",
    "data": [
      {
        "text": "Ik ben ",
        "userDefined": false
      },
      {
        "text": "de",
        "meta": "@sys.ignore",
        "userDefined": false
      },
      {
        "text": " stap vergeten",
        "userDefined": false
      }
    ],
    "isTemplate": false,
    "count": 0,
    "updated": 0
  },
  {
    "id": "5a2d3125-2c73-4895-ba8a-6a4a40ce9b7b",
    "data": [
      {
        "text": "Wat is ",
        "userDefined": false
      },
      {
        "text": "de",
        "meta": "@sys.ignore",
        "userDefined": false
      },
      {
        "text": " stap ook alweer?",
        "userDefined": false
      }
    ],
    "isTemplate": false,
    "count": 0,
    "updated": 0
  },
  {
    "id": "aaa83705-d50a-495e-9bc2-b63c7f8129ab",
    "data": [
      {
        "text": "Wat zei je?",
        "userDefined": false
      }
    ],
    "isTemplate": false,
    "count": 0,
    "updated": 0
  },
  {
    "id": "2cd5285b-244f-47f1-aab2-957b5bf86433",
    "data": [
      {
        "text": "Kun je dat herhalen?",
        "userDefined": false
      }
    ],
    "isTemplate": false,
    "count": 0,
    "updated": 0
  },
  {
    "id": "d4cffcd2-f907-4881-8cd4-28e4b3d48497",
    "data": [
      {
        "text": "Wat moet ik doen?",
        "userDefined": false
      }
    ],
    "isTemplate": false,
    "count": 0,
    "updated": 0
  }
]