[
  {
    "id": "6b2ba05f-c93e-46d9-bdd4-8676a9484269",
    "data": [
      {
        "text": "hoeveel ",
        "userDefined": false
      },
      {
        "text": "teentjes",
        "alias": "unit",
        "meta": "@units",
        "userDefined": true
      },
      {
        "text": "?",
        "userDefined": false
      }
    ],
    "isTemplate": false,
    "count": 0,
    "updated": 0
  },
  {
    "id": "74b96e71-a46d-472a-9ae4-a85973974275",
    "data": [
      {
        "text": "wat was ",
        "userDefined": false
      },
      {
        "text": "de",
        "meta": "@sys.ignore",
        "userDefined": false
      },
      {
        "text": " hoeveelheid ",
        "userDefined": false
      },
      {
        "text": "knoflook",
        "alias": "ingredient",
        "meta": "@ingredient",
        "userDefined": false
      },
      {
        "text": "?",
        "userDefined": false
      }
    ],
    "isTemplate": false,
    "count": 0,
    "updated": 0
  },
  {
    "id": "3497c8c9-c91a-4ac5-b5a4-7801c641f608",
    "data": [
      {
        "text": "Hoeveel ",
        "userDefined": false
      },
      {
        "text": "knoflook ook",
        "alias": "ingredient",
        "meta": "@ingredient",
        "userDefined": false
      },
      {
        "text": " alweer?",
        "userDefined": false
      }
    ],
    "isTemplate": false,
    "count": 0,
    "updated": 0
  },
  {
    "id": "b5fc6d96-acae-46e0-8072-e1421033e384",
    "data": [
      {
        "text": "hoeveel ",
        "userDefined": false
      },
      {
        "text": "geraspte kaas",
        "alias": "ingredient",
        "meta": "@ingredient",
        "userDefined": false
      },
      {
        "text": " raadt je aan?",
        "userDefined": false
      }
    ],
    "isTemplate": false,
    "count": 0,
    "updated": 0
  },
  {
    "id": "8bd76724-92c9-4a8c-a71e-22d34b6401b5",
    "data": [
      {
        "text": "Hoeveel ",
        "userDefined": false
      },
      {
        "text": "kaas",
        "alias": "ingredient",
        "meta": "@ingredient",
        "userDefined": false
      },
      {
        "text": "?",
        "userDefined": false
      }
    ],
    "isTemplate": false,
    "count": 0,
    "updated": 0
  },
  {
    "id": "32c43be2-24e2-47f2-8c4f-2bf9ec4b9388",
    "data": [
      {
        "text": "Hoeveel ",
        "userDefined": false
      },
      {
        "text": "liter",
        "alias": "unit-volume-name",
        "meta": "@sys.unit-volume-name",
        "userDefined": false
      },
      {
        "text": " ",
        "userDefined": false
      },
      {
        "text": "water",
        "alias": "ingredient",
        "meta": "@ingredient",
        "userDefined": false
      },
      {
        "text": "?",
        "userDefined": false
      }
    ],
    "isTemplate": false,
    "count": 0,
    "updated": 0
  },
  {
    "id": "8ada4c1f-e38c-4803-877c-d8bc02efbbb0",
    "data": [
      {
        "text": "Hoeveel ",
        "userDefined": false
      },
      {
        "text": "water",
        "alias": "ingredient",
        "meta": "@ingredient",
        "userDefined": false
      },
      {
        "text": "?",
        "userDefined": false
      }
    ],
    "isTemplate": false,
    "count": 0,
    "updated": 0
  },
  {
    "id": "d955b53c-a03a-476c-bf3d-6c36c212edda",
    "data": [
      {
        "text": "Hoeveel precies?",
        "userDefined": false
      }
    ],
    "isTemplate": false,
    "count": 0,
    "updated": 0
  },
  {
    "id": "8d43482c-4ed4-4cc6-8a7f-9b49fc2c451b",
    "data": [
      {
        "text": "Wat is ",
        "userDefined": false
      },
      {
        "text": "de",
        "meta": "@sys.ignore",
        "userDefined": false
      },
      {
        "text": " beste hoeveelheid?",
        "userDefined": false
      }
    ],
    "isTemplate": false,
    "count": 0,
    "updated": 0
  },
  {
    "id": "6a8fb143-e9fc-4f6c-99a3-fe6d64bd3993",
    "data": [
      {
        "text": "Welke hoeveelheid?",
        "userDefined": false
      }
    ],
    "isTemplate": false,
    "count": 0,
    "updated": 0
  },
  {
    "id": "17738917-918b-4678-8d7a-b83997505ac7",
    "data": [
      {
        "text": "Hoeveel ",
        "userDefined": false
      },
      {
        "text": "gram",
        "alias": "unit-weight-name",
        "meta": "@sys.unit-weight-name",
        "userDefined": false
      },
      {
        "text": "?",
        "userDefined": false
      }
    ],
    "isTemplate": false,
    "count": 0,
    "updated": 0
  },
  {
    "id": "a9b19eac-bf1e-4585-8cb0-cb7d47a9efa2",
    "data": [
      {
        "text": "Hoeveel ",
        "userDefined": false
      },
      {
        "text": "liter",
        "alias": "unit-volume-name",
        "meta": "@sys.unit-volume-name",
        "userDefined": false
      },
      {
        "text": "?",
        "userDefined": false
      }
    ],
    "isTemplate": false,
    "count": 0,
    "updated": 0
  },
  {
    "id": "f9bb7483-921f-4aed-a79e-63f6436d0242",
    "data": [
      {
        "text": "Hoeveel heb ik nodig?",
        "userDefined": false
      }
    ],
    "isTemplate": false,
    "count": 0,
    "updated": 0
  },
  {
    "id": "ac833da3-5b06-45d7-a92a-697ee940ddca",
    "data": [
      {
        "text": "Hoeveel?",
        "userDefined": false
      }
    ],
    "isTemplate": false,
    "count": 0,
    "updated": 0
  }
]