[
  {
    "id": "a3931c54-6b3f-4bba-b9c5-6c9c5000e774",
    "data": [
      {
        "text": "kun je ",
        "userDefined": false
      },
      {
        "text": "de",
        "meta": "@sys.ignore",
        "userDefined": false
      },
      {
        "text": " vorige instructie nog eens geven?",
        "userDefined": false
      }
    ],
    "isTemplate": false,
    "count": 0,
    "updated": 0
  },
  {
    "id": "cf962439-6d6e-4460-9433-17f6647c79bc",
    "data": [
      {
        "text": "een",
        "meta": "@sys.ignore",
        "userDefined": false
      },
      {
        "text": " stap terug graag",
        "userDefined": false
      }
    ],
    "isTemplate": false,
    "count": 0,
    "updated": 0
  },
  {
    "id": "a1519938-f0d4-4b9c-9d94-af960c64d740",
    "data": [
      {
        "text": "wat was ",
        "userDefined": false
      },
      {
        "text": "de",
        "meta": "@sys.ignore",
        "userDefined": false
      },
      {
        "text": " eerdere stap",
        "userDefined": false
      }
    ],
    "isTemplate": false,
    "count": 0,
    "updated": 0
  },
  {
    "id": "b7d04aa1-a15d-4d20-94c0-fe6573c2fac7",
    "data": [
      {
        "text": "wat moest ik hiervoor ook alweer ",
        "userDefined": false
      },
      {
        "text": "doen",
        "meta": "@sys.ignore",
        "userDefined": false
      },
      {
        "text": "?",
        "userDefined": false
      }
    ],
    "isTemplate": false,
    "count": 0,
    "updated": 0
  },
  {
    "id": "f6ea2a9c-0c3f-44f6-861c-1436399451f7",
    "data": [
      {
        "text": "vorige stap",
        "userDefined": false
      }
    ],
    "isTemplate": false,
    "count": 0,
    "updated": 0
  },
  {
    "id": "af788f4d-3d69-4706-ac2e-8dd3885f8c0e",
    "data": [
      {
        "text": "vorige",
        "userDefined": false
      }
    ],
    "isTemplate": false,
    "count": 0,
    "updated": 0
  }
]