[
  {
    "id": "30e23edb-cc95-48c3-81ef-9e943996cf5c",
    "data": [
      {
        "text": "iets anders",
        "meta": "@sys.ignore",
        "userDefined": false
      },
      {
        "text": " graag",
        "userDefined": false
      }
    ],
    "isTemplate": false,
    "count": 0,
    "updated": 0
  },
  {
    "id": "c53bac14-2cb3-4389-b376-6f5c14d32d02",
    "data": [
      {
        "text": "ander",
        "userDefined": false
      }
    ],
    "isTemplate": false,
    "count": 0,
    "updated": 0
  },
  {
    "id": "c8a2ed6a-06aa-4e10-9986-9e6a9bb07e9b",
    "data": [
      {
        "text": "ander ",
        "userDefined": false
      },
      {
        "text": "recept",
        "alias": "recept",
        "meta": "@recept",
        "userDefined": false
      }
    ],
    "isTemplate": false,
    "count": 0,
    "updated": 0
  },
  {
    "id": "65b464e5-e5be-4f24-89c6-f42a29c85f9f",
    "data": [
      {
        "text": "ik zou graag iets anders ",
        "userDefined": false
      },
      {
        "text": "koken",
        "meta": "@sys.ignore",
        "userDefined": false
      }
    ],
    "isTemplate": false,
    "count": 0,
    "updated": 0
  },
  {
    "id": "b83d85f8-8a4d-4055-adb1-8e77f409faa3",
    "data": [
      {
        "text": "Ik ga liever voor ",
        "userDefined": false
      },
      {
        "text": "een",
        "meta": "@sys.ignore",
        "userDefined": false
      },
      {
        "text": " nieuw ",
        "userDefined": false
      },
      {
        "text": "recept",
        "alias": "recept",
        "meta": "@recept",
        "userDefined": true
      }
    ],
    "isTemplate": false,
    "count": 0,
    "updated": 0
  },
  {
    "id": "598b87cf-b346-40bd-b358-20942f75af03",
    "data": [
      {
        "text": "Ik ben benieuwd naar de opties",
        "userDefined": false
      }
    ],
    "isTemplate": false,
    "count": 0,
    "updated": 0
  },
  {
    "id": "68153f98-d654-4270-a259-9a4e9182a4fa",
    "data": [
      {
        "text": "Kun je me ",
        "userDefined": false
      },
      {
        "text": "de",
        "meta": "@sys.ignore",
        "userDefined": false
      },
      {
        "text": " keuzemogelijkheden geven?",
        "userDefined": false
      }
    ],
    "isTemplate": false,
    "count": 0,
    "updated": 0
  },
  {
    "id": "c610de3c-f691-414e-846e-6e98fe196cec",
    "data": [
      {
        "text": "Kun je me ",
        "userDefined": false
      },
      {
        "text": "de",
        "meta": "@sys.ignore",
        "userDefined": false
      },
      {
        "text": " opties uit ",
        "userDefined": false
      },
      {
        "text": "recepten",
        "alias": "recept",
        "meta": "@recept",
        "userDefined": true
      },
      {
        "text": " tonen?",
        "userDefined": false
      }
    ],
    "isTemplate": false,
    "count": 0,
    "updated": 0
  },
  {
    "id": "930e5af7-7c3d-49f1-8c06-97dcb3dfa8d8",
    "data": [
      {
        "text": "Welke keuze uit ",
        "userDefined": false
      },
      {
        "text": "recepten",
        "alias": "recept",
        "meta": "@recept",
        "userDefined": true
      },
      {
        "text": " heb ik?",
        "userDefined": false
      }
    ],
    "isTemplate": false,
    "count": 0,
    "updated": 0
  },
  {
    "id": "53930679-470d-41c4-ab4c-54971cb5e9ca",
    "data": [
      {
        "text": "Uit welke ",
        "userDefined": false
      },
      {
        "text": "recepten",
        "alias": "recept",
        "meta": "@recept",
        "userDefined": true
      },
      {
        "text": " kan ik kiezen?",
        "userDefined": false
      }
    ],
    "isTemplate": false,
    "count": 0,
    "updated": 0
  },
  {
    "id": "5d9a6c6f-f56f-433a-af68-7407527df6f2",
    "data": [
      {
        "text": "Welke ",
        "userDefined": false
      },
      {
        "text": "recepten",
        "alias": "recept",
        "meta": "@recept",
        "userDefined": true
      },
      {
        "text": " zijn er om uit te kiezen?",
        "userDefined": false
      }
    ],
    "isTemplate": false,
    "count": 0,
    "updated": 0
  },
  {
    "id": "e309d348-07d6-4f23-8be4-f1abdd2ca667",
    "data": [
      {
        "text": "Welke ",
        "userDefined": false
      },
      {
        "text": "recepten",
        "alias": "recept",
        "meta": "@recept",
        "userDefined": true
      },
      {
        "text": " zijn er?",
        "userDefined": false
      }
    ],
    "isTemplate": false,
    "count": 0,
    "updated": 0
  },
  {
    "id": "e752e2d5-a72c-42f0-b7be-f8e5bb77cb34",
    "data": [
      {
        "text": "Waar kan ik uit kiezen?",
        "userDefined": false
      }
    ],
    "isTemplate": false,
    "count": 0,
    "updated": 0
  }
]