[
  {
    "id": "3ae580b1-87a8-48e6-93c3-b4f8a25012f0",
    "data": [
      {
        "text": "pasta aglio e olio",
        "alias": "recept",
        "meta": "@recept",
        "userDefined": true
      }
    ],
    "isTemplate": false,
    "count": 0,
    "updated": 0
  },
  {
    "id": "17ca00ea-d32f-4e0b-a6f3-a1f410643c4d",
    "data": [
      {
        "text": "pasta aglio e olio",
        "alias": "recept",
        "meta": "@recept",
        "userDefined": true
      },
      {
        "text": " graag!",
        "userDefined": false
      }
    ],
    "isTemplate": false,
    "count": 0,
    "updated": 0
  },
  {
    "id": "fa3312c1-2987-46cf-a974-ae4b4fc97fff",
    "data": [
      {
        "text": "kun je me ",
        "userDefined": false
      },
      {
        "text": "een",
        "meta": "@sys.ignore",
        "userDefined": false
      },
      {
        "text": " recept voor ",
        "userDefined": false
      },
      {
        "text": "pasta",
        "alias": "recept",
        "meta": "@recept",
        "userDefined": true
      },
      {
        "text": " vertellen?",
        "userDefined": false
      }
    ],
    "isTemplate": false,
    "count": 0,
    "updated": 0
  },
  {
    "id": "e341a973-50d4-497e-8b86-2af66e1ae037",
    "data": [
      {
        "text": "pasta",
        "alias": "recept",
        "meta": "@recept",
        "userDefined": true
      },
      {
        "text": "!",
        "userDefined": false
      }
    ],
    "isTemplate": false,
    "count": 0,
    "updated": 0
  },
  {
    "id": "51235c5f-5231-4314-a5b0-ffeb3e0be2e0",
    "data": [
      {
        "text": "Ik heb zin in ",
        "userDefined": false
      },
      {
        "text": "pasta",
        "alias": "recept",
        "meta": "@recept",
        "userDefined": true
      }
    ],
    "isTemplate": false,
    "count": 0,
    "updated": 0
  }
]