[
  {
    "id": "e8c28113-4739-4841-8c4c-ea087eb4f0ca",
    "data": [
      {
        "text": "Kun je dat toelichten?",
        "userDefined": false
      }
    ],
    "isTemplate": false,
    "count": 0,
    "updated": 0
  },
  {
    "id": "e644c0f6-3617-484e-8cb5-4711ee1d5b9c",
    "data": [
      {
        "text": "Wat moet ik precies doen?",
        "userDefined": false
      }
    ],
    "isTemplate": false,
    "count": 0,
    "updated": 0
  },
  {
    "id": "d18261b4-1aa6-44a8-b3c2-3e068af102a9",
    "data": [
      {
        "text": "Dat snap ik niet",
        "userDefined": false
      }
    ],
    "isTemplate": false,
    "count": 0,
    "updated": 0
  },
  {
    "id": "2143dcf3-d6ab-4c6f-8c42-399db6046fe3",
    "data": [
      {
        "text": "Hoe bedoel je dat?",
        "userDefined": false
      }
    ],
    "isTemplate": false,
    "count": 0,
    "updated": 0
  }
]