[
  {
    "id": "a166ecc8-629e-4ebc-8b8a-e7a5df590d9b",
    "data": [
      {
        "text": "Waar is deze stap voor nodig?",
        "userDefined": false
      }
    ],
    "isTemplate": false,
    "count": 0,
    "updated": 0
  },
  {
    "id": "5f7a29f6-031a-45b9-bc0e-9c123dd4b031",
    "data": [
      {
        "text": "Kun je deze stap motiveren?",
        "userDefined": false
      }
    ],
    "isTemplate": false,
    "count": 0,
    "updated": 0
  },
  {
    "id": "8f13ea51-62f7-4918-8dfd-ab09e116cd22",
    "data": [
      {
        "text": "Wat is ",
        "userDefined": false
      },
      {
        "text": "de",
        "meta": "@sys.ignore",
        "userDefined": false
      },
      {
        "text": " reden van deze stap?",
        "userDefined": false
      }
    ],
    "isTemplate": false,
    "count": 0,
    "updated": 0
  },
  {
    "id": "b8d584b0-2d32-46ae-8729-fbb36000e720",
    "data": [
      {
        "text": "Waarom moet ik dat doen?",
        "userDefined": false
      }
    ],
    "isTemplate": false,
    "count": 0,
    "updated": 0
  }
]