[
  {
    "id": "aaa3575a-bbe2-415a-93e0-26f6d8692e05",
    "data": [
      {
        "text": "i see",
        "userDefined": false
      }
    ],
    "isTemplate": false,
    "count": 0,
    "updated": 0
  },
  {
    "id": "32ecf9b7-5154-4384-af96-c5d08c1b1a20",
    "data": [
      {
        "text": "ik snap het",
        "userDefined": false
      }
    ],
    "isTemplate": false,
    "count": 0,
    "updated": 0
  },
  {
    "id": "8ff84984-f708-4926-98e9-8e5f5606f8c2",
    "data": [
      {
        "text": "helder",
        "meta": "@sys.ignore",
        "userDefined": false
      }
    ],
    "isTemplate": false,
    "count": 0,
    "updated": 0
  },
  {
    "id": "38b60f07-09e2-49c7-82ae-086114e52dd9",
    "data": [
      {
        "text": "duidelijk",
        "userDefined": false
      }
    ],
    "isTemplate": false,
    "count": 0,
    "updated": 0
  },
  {
    "id": "75a24a5a-9cd3-4739-ba82-817da531766e",
    "data": [
      {
        "text": "check",
        "userDefined": false
      }
    ],
    "isTemplate": false,
    "count": 0,
    "updated": 0
  }
]