[
  {
    "id": "a635261e-94d1-447c-9d31-4587c5304f2b",
    "data": [
      {
        "text": "hoeveel ",
        "userDefined": false
      },
      {
        "text": "teentjes",
        "alias": "unit",
        "meta": "@units",
        "userDefined": true
      },
      {
        "text": "?",
        "userDefined": false
      }
    ],
    "isTemplate": false,
    "count": 0,
    "updated": 0
  },
  {
    "id": "c8c677d9-c9a3-442e-a458-741ce7dd4a3e",
    "data": [
      {
        "text": "wat was ",
        "userDefined": false
      },
      {
        "text": "de",
        "meta": "@sys.ignore",
        "userDefined": false
      },
      {
        "text": " hoeveelheid ",
        "userDefined": false
      },
      {
        "text": "knoflook",
        "alias": "ingredient",
        "meta": "@ingredient",
        "userDefined": false
      },
      {
        "text": "?",
        "userDefined": false
      }
    ],
    "isTemplate": false,
    "count": 0,
    "updated": 0
  },
  {
    "id": "11187612-ae12-47b7-909c-9558d526c1f0",
    "data": [
      {
        "text": "Hoeveel ",
        "userDefined": false
      },
      {
        "text": "knoflook ook",
        "alias": "ingredient",
        "meta": "@ingredient",
        "userDefined": false
      },
      {
        "text": " alweer?",
        "userDefined": false
      }
    ],
    "isTemplate": false,
    "count": 0,
    "updated": 0
  },
  {
    "id": "1aa2557e-ae48-489a-85bb-410061347ac5",
    "data": [
      {
        "text": "hoeveel ",
        "userDefined": false
      },
      {
        "text": "geraspte kaas",
        "alias": "ingredient",
        "meta": "@ingredient",
        "userDefined": false
      },
      {
        "text": " raadt je aan?",
        "userDefined": false
      }
    ],
    "isTemplate": false,
    "count": 0,
    "updated": 0
  },
  {
    "id": "27d4b8bb-6a1c-4f7b-aa37-6aa06d8d1f49",
    "data": [
      {
        "text": "Hoeveel ",
        "userDefined": false
      },
      {
        "text": "kaas",
        "alias": "ingredient",
        "meta": "@ingredient",
        "userDefined": false
      },
      {
        "text": "?",
        "userDefined": false
      }
    ],
    "isTemplate": false,
    "count": 0,
    "updated": 0
  },
  {
    "id": "52f6ffb3-75ce-4768-ab11-775750f0b56a",
    "data": [
      {
        "text": "Hoeveel ",
        "userDefined": false
      },
      {
        "text": "liter",
        "alias": "unit-volume-name",
        "meta": "@sys.unit-volume-name",
        "userDefined": false
      },
      {
        "text": " ",
        "userDefined": false
      },
      {
        "text": "water",
        "alias": "ingredient",
        "meta": "@ingredient",
        "userDefined": false
      },
      {
        "text": "?",
        "userDefined": false
      }
    ],
    "isTemplate": false,
    "count": 0,
    "updated": 0
  },
  {
    "id": "02328877-2c2b-427d-aa85-c01ec9b3eaf5",
    "data": [
      {
        "text": "Hoeveel ",
        "userDefined": false
      },
      {
        "text": "water",
        "alias": "ingredient",
        "meta": "@ingredient",
        "userDefined": false
      },
      {
        "text": "?",
        "userDefined": false
      }
    ],
    "isTemplate": false,
    "count": 0,
    "updated": 0
  },
  {
    "id": "650130b7-52a7-4837-bcb5-a46926718a9a",
    "data": [
      {
        "text": "Hoeveel precies?",
        "userDefined": false
      }
    ],
    "isTemplate": false,
    "count": 0,
    "updated": 0
  },
  {
    "id": "01c78a1c-ffaf-4b6a-bf8d-4bb7fcbdb64d",
    "data": [
      {
        "text": "Wat is ",
        "userDefined": false
      },
      {
        "text": "de",
        "meta": "@sys.ignore",
        "userDefined": false
      },
      {
        "text": " beste hoeveelheid?",
        "userDefined": false
      }
    ],
    "isTemplate": false,
    "count": 0,
    "updated": 0
  },
  {
    "id": "f5a4fe53-a571-4da0-a2c0-e7d0e4335b42",
    "data": [
      {
        "text": "Welke hoeveelheid?",
        "userDefined": false
      }
    ],
    "isTemplate": false,
    "count": 0,
    "updated": 0
  },
  {
    "id": "8ba96a61-a3d2-4fe8-a467-e78861c7283a",
    "data": [
      {
        "text": "Hoeveel ",
        "userDefined": false
      },
      {
        "text": "gram",
        "alias": "unit-weight-name",
        "meta": "@sys.unit-weight-name",
        "userDefined": false
      },
      {
        "text": "?",
        "userDefined": false
      }
    ],
    "isTemplate": false,
    "count": 0,
    "updated": 0
  },
  {
    "id": "17c0a779-5dd3-4807-b4eb-98bd0f243af1",
    "data": [
      {
        "text": "Hoeveel ",
        "userDefined": false
      },
      {
        "text": "liter",
        "alias": "unit-volume-name",
        "meta": "@sys.unit-volume-name",
        "userDefined": false
      },
      {
        "text": "?",
        "userDefined": false
      }
    ],
    "isTemplate": false,
    "count": 0,
    "updated": 0
  },
  {
    "id": "eb35351b-4e86-414d-a925-3663d95461f3",
    "data": [
      {
        "text": "Hoeveel heb ik nodig?",
        "userDefined": false
      }
    ],
    "isTemplate": false,
    "count": 0,
    "updated": 0
  },
  {
    "id": "717bf4e6-4bb5-4bab-bc80-2bb3ba4a4852",
    "data": [
      {
        "text": "Hoeveel?",
        "userDefined": false
      }
    ],
    "isTemplate": false,
    "count": 0,
    "updated": 0
  }
]