[
  {
    "id": "8853aea4-11ab-4a64-b33e-acf9f397ba6f",
    "data": [
      {
        "text": "juist",
        "meta": "@sys.ignore",
        "userDefined": false
      }
    ],
    "isTemplate": false,
    "count": 0,
    "updated": 0
  },
  {
    "id": "ab1a9b36-ec05-46d8-b8a5-3b4c2fa3b9f1",
    "data": [
      {
        "text": "vandaar",
        "meta": "@sys.ignore",
        "userDefined": false
      }
    ],
    "isTemplate": false,
    "count": 0,
    "updated": 0
  },
  {
    "id": "2af2b598-5d93-46b5-b0fc-54a964a40d17",
    "data": [
      {
        "text": "op die manier",
        "userDefined": false
      }
    ],
    "isTemplate": false,
    "count": 0,
    "updated": 0
  },
  {
    "id": "97112afe-2b89-4204-91dc-f7aba28b31e4",
    "data": [
      {
        "text": "okee",
        "meta": "@sys.ignore",
        "userDefined": false
      }
    ],
    "isTemplate": false,
    "count": 0,
    "updated": 0
  },
  {
    "id": "965e8347-ea67-49db-adb0-e4ea8fbd63f3",
    "data": [
      {
        "text": "ok",
        "meta": "@sys.ignore",
        "userDefined": false
      }
    ],
    "isTemplate": false,
    "count": 0,
    "updated": 0
  },
  {
    "id": "73ef1b2a-a95f-4226-bbfc-26e107557e51",
    "data": [
      {
        "text": "aha",
        "meta": "@sys.ignore",
        "userDefined": false
      }
    ],
    "isTemplate": false,
    "count": 0,
    "updated": 0
  }
]