[
  {
    "id": "894bbf59-b755-4d68-808e-0920e7a4ce10",
    "data": [
      {
        "text": "oke",
        "userDefined": false
      }
    ],
    "isTemplate": false,
    "count": 0,
    "updated": 0
  },
  {
    "id": "8d095805-73d8-4b76-8e9e-e369e995fac3",
    "data": [
      {
        "text": "ja",
        "userDefined": false
      }
    ],
    "isTemplate": false,
    "count": 0,
    "updated": 0
  },
  {
    "id": "1dd8ebb3-023b-4227-a34b-d4bfd8b20463",
    "data": [
      {
        "text": "Volgende",
        "userDefined": false
      }
    ],
    "isTemplate": false,
    "count": 0,
    "updated": 0
  },
  {
    "id": "5ee9af62-d660-4330-ade7-1abf1f105374",
    "data": [
      {
        "text": "En door",
        "userDefined": false
      }
    ],
    "isTemplate": false,
    "count": 0,
    "updated": 0
  },
  {
    "id": "ed35dfca-03fc-4d5e-8054-f6894c0f2629",
    "data": [
      {
        "text": "Door naar ",
        "userDefined": false
      },
      {
        "text": "de",
        "meta": "@sys.ignore",
        "userDefined": false
      },
      {
        "text": " volgende",
        "userDefined": false
      }
    ],
    "isTemplate": false,
    "count": 0,
    "updated": 0
  },
  {
    "id": "6653e7aa-533b-479a-8dd9-f9a55234ca4e",
    "data": [
      {
        "text": "En ",
        "userDefined": false
      },
      {
        "text": "nu",
        "meta": "@sys.ignore",
        "userDefined": false
      },
      {
        "text": "?",
        "userDefined": false
      }
    ],
    "isTemplate": false,
    "count": 0,
    "updated": 0
  },
  {
    "id": "6504d8a2-5a6a-4b38-8301-f07d1a2c0eb2",
    "data": [
      {
        "text": "What next",
        "meta": "@sys.ignore",
        "userDefined": false
      },
      {
        "text": "?",
        "userDefined": false
      }
    ],
    "isTemplate": false,
    "count": 0,
    "updated": 0
  },
  {
    "id": "9ee54ff4-88f6-4078-8273-16a044761b57",
    "data": [
      {
        "text": "Volgende stap",
        "userDefined": false
      }
    ],
    "isTemplate": false,
    "count": 0,
    "updated": 0
  },
  {
    "id": "e678bea1-cbec-450c-ad3c-f5e739d394bd",
    "data": [
      {
        "text": "Next",
        "meta": "@sys.ignore",
        "userDefined": false
      }
    ],
    "isTemplate": false,
    "count": 0,
    "updated": 0
  },
  {
    "id": "585eaa39-8293-4b74-8ead-49c8da3fd629",
    "data": [
      {
        "text": "Ok",
        "meta": "@sys.ignore",
        "userDefined": false
      }
    ],
    "isTemplate": false,
    "count": 0,
    "updated": 0
  },
  {
    "id": "ed4c16e1-6c93-4c4a-8939-eb1849e179a1",
    "data": [
      {
        "text": "Okee",
        "meta": "@sys.ignore",
        "userDefined": false
      }
    ],
    "isTemplate": false,
    "count": 0,
    "updated": 0
  },
  {
    "id": "76d5429f-95e3-4eb2-8c3d-533a6225775b",
    "data": [
      {
        "text": "Check",
        "userDefined": false
      }
    ],
    "isTemplate": false,
    "count": 0,
    "updated": 0
  },
  {
    "id": "33c6e7e0-f1a7-4bec-93da-b5ac6541501e",
    "data": [
      {
        "text": "Gedaan",
        "userDefined": false
      }
    ],
    "isTemplate": false,
    "count": 0,
    "updated": 0
  },
  {
    "id": "3cd3a0ad-e97f-45db-8d61-58d780131822",
    "data": [
      {
        "text": "Gelukt",
        "userDefined": false
      }
    ],
    "isTemplate": false,
    "count": 1,
    "updated": 0
  }
]