[
  {
    "id": "3b799a23-8435-46dd-913a-aa9e5042cca6",
    "data": [
      {
        "text": "Ik ben ",
        "userDefined": false
      },
      {
        "text": "de",
        "meta": "@sys.ignore",
        "userDefined": false
      },
      {
        "text": " stap vergeten",
        "userDefined": false
      }
    ],
    "isTemplate": false,
    "count": 0,
    "updated": 0
  },
  {
    "id": "c1cd39d0-d31e-4059-99a5-2e327ae14ec0",
    "data": [
      {
        "text": "Wat is ",
        "userDefined": false
      },
      {
        "text": "de",
        "meta": "@sys.ignore",
        "userDefined": false
      },
      {
        "text": " stap ook alweer?",
        "userDefined": false
      }
    ],
    "isTemplate": false,
    "count": 0,
    "updated": 0
  },
  {
    "id": "717f79d3-ac25-42ae-b7bd-cd4d19a93268",
    "data": [
      {
        "text": "Wat zei je?",
        "userDefined": false
      }
    ],
    "isTemplate": false,
    "count": 0,
    "updated": 0
  },
  {
    "id": "8b2ec07f-04b7-4845-82b1-20aedaf9abf3",
    "data": [
      {
        "text": "Kun je dat herhalen?",
        "userDefined": false
      }
    ],
    "isTemplate": false,
    "count": 0,
    "updated": 0
  },
  {
    "id": "55dba2d2-220f-4fde-b9c9-9c2e5a97e973",
    "data": [
      {
        "text": "Wat moet ik doen?",
        "userDefined": false
      }
    ],
    "isTemplate": false,
    "count": 0,
    "updated": 0
  }
]