[
  {
    "id": "951ba981-a717-41c5-83dd-a7efd27fd4b9",
    "data": [
      {
        "text": "Veel dank",
        "userDefined": false
      }
    ],
    "isTemplate": false,
    "count": 0,
    "updated": 0
  },
  {
    "id": "0701047e-1299-4087-b5f6-9b940e6668d2",
    "data": [
      {
        "text": "Dank",
        "meta": "@sys.ignore",
        "userDefined": false
      }
    ],
    "isTemplate": false,
    "count": 0,
    "updated": 0
  },
  {
    "id": "f63ea9e6-280d-4fc5-bf0e-0900a35366da",
    "data": [
      {
        "text": "thanks",
        "userDefined": false
      }
    ],
    "isTemplate": false,
    "count": 0,
    "updated": 0
  },
  {
    "id": "f3b0aae2-9b97-42e3-a3e1-8fe43488b976",
    "data": [
      {
        "text": "Dankjewel",
        "userDefined": false
      }
    ],
    "isTemplate": false,
    "count": 0,
    "updated": 0
  },
  {
    "id": "a17621a7-dcc8-4ff7-881a-bca951c1cb0a",
    "data": [
      {
        "text": "Dankje",
        "userDefined": false
      }
    ],
    "isTemplate": false,
    "count": 0,
    "updated": 0
  }
]