[
  {
    "id": "27a40873-e9bd-40ca-90c8-02e740fdbf03",
    "data": [
      {
        "text": "Hoe pak ik dat aan met ",
        "userDefined": false
      },
      {
        "text": "knoflook",
        "alias": "ingredient",
        "meta": "@ingredient",
        "userDefined": true
      },
      {
        "text": "?",
        "userDefined": false
      }
    ],
    "isTemplate": false,
    "count": 0,
    "updated": 0
  },
  {
    "id": "eefb2e7a-215f-4bd6-be28-2c30c23a5bb5",
    "data": [
      {
        "text": "Hoe pak ik dat aan?",
        "userDefined": false
      }
    ],
    "isTemplate": false,
    "count": 0,
    "updated": 0
  },
  {
    "id": "118db3d3-c281-46ca-be80-3bd83d0323db",
    "data": [
      {
        "text": "Hoe moet ik ",
        "userDefined": false
      },
      {
        "text": "snijden",
        "alias": "skill",
        "meta": "@skill",
        "userDefined": true
      },
      {
        "text": "?",
        "userDefined": false
      }
    ],
    "isTemplate": false,
    "count": 0,
    "updated": 0
  },
  {
    "id": "8d861bb5-12b9-4f29-b55e-0a997684fe6a",
    "data": [
      {
        "text": "Hoe kan ik ",
        "userDefined": false
      },
      {
        "text": "de",
        "meta": "@sys.ignore",
        "userDefined": false
      },
      {
        "text": " ",
        "userDefined": false
      },
      {
        "text": "knoflook",
        "alias": "ingredient",
        "meta": "@ingredient",
        "userDefined": true
      },
      {
        "text": " het beste ",
        "userDefined": false
      },
      {
        "text": "snijden",
        "alias": "skill",
        "meta": "@skill",
        "userDefined": true
      },
      {
        "text": "?",
        "userDefined": false
      }
    ],
    "isTemplate": false,
    "count": 0,
    "updated": 0
  },
  {
    "id": "ebbcdbb1-faa4-4fc2-9709-bd8f87e74b97",
    "data": [
      {
        "text": "kun je me ",
        "userDefined": false
      },
      {
        "text": "de",
        "meta": "@sys.ignore",
        "userDefined": false
      },
      {
        "text": " techniek uitleggen?",
        "userDefined": false
      }
    ],
    "isTemplate": false,
    "count": 0,
    "updated": 0
  },
  {
    "id": "82aa0fb0-ad42-4b6f-bc3a-f6c056d09e11",
    "data": [
      {
        "text": "Hoe ",
        "userDefined": false
      },
      {
        "text": "pas",
        "meta": "@sys.ignore",
        "userDefined": false
      },
      {
        "text": " ik die techniek toe?",
        "userDefined": false
      }
    ],
    "isTemplate": false,
    "count": 0,
    "updated": 0
  },
  {
    "id": "376b9b74-48e7-4136-84ec-e434e55024bd",
    "data": [
      {
        "text": "Hoe doe ik dat?",
        "userDefined": false
      }
    ],
    "isTemplate": false,
    "count": 0,
    "updated": 0
  },
  {
    "id": "ffde7eb3-1475-4102-8db3-18b2cd9dc65c",
    "data": [
      {
        "text": "Hoe gaat dat?",
        "userDefined": false
      }
    ],
    "isTemplate": false,
    "count": 0,
    "updated": 0
  },
  {
    "id": "589851f4-aae5-496c-8ca0-386814a71106",
    "data": [
      {
        "text": "Hoe moet dat?",
        "userDefined": false
      }
    ],
    "isTemplate": false,
    "count": 0,
    "updated": 0
  },
  {
    "id": "507011d0-b6fd-4867-a009-6a97e2ff219f",
    "data": [
      {
        "text": "Hoe moet ik dat doen?",
        "userDefined": false
      }
    ],
    "isTemplate": false,
    "count": 0,
    "updated": 0
  }
]