[
  {
    "id": "c288a107-3848-428c-9abb-e3fbd495de8b",
    "data": [
      {
        "text": "dankje",
        "userDefined": false
      }
    ],
    "isTemplate": false,
    "count": 0,
    "updated": 0
  },
  {
    "id": "5777fd91-4095-4293-8280-abab084e1c3e",
    "data": [
      {
        "text": "Ik ga ",
        "userDefined": false
      },
      {
        "text": "lekker eten",
        "meta": "@sys.ignore",
        "userDefined": false
      }
    ],
    "isTemplate": false,
    "count": 0,
    "updated": 0
  },
  {
    "id": "71a35b90-1387-411a-b1a2-73109abc7b2f",
    "data": [
      {
        "text": "Fijn!",
        "userDefined": false
      }
    ],
    "isTemplate": false,
    "count": 0,
    "updated": 0
  },
  {
    "id": "5b48e052-fbc4-41b3-860e-9d7cd4ae1edf",
    "data": [
      {
        "text": "Veel dank",
        "userDefined": false
      }
    ],
    "isTemplate": false,
    "count": 0,
    "updated": 0
  },
  {
    "id": "bb199695-685b-4abd-8cc3-aef557f2afd4",
    "data": [
      {
        "text": "Dankjewel",
        "userDefined": false
      }
    ],
    "isTemplate": false,
    "count": 0,
    "updated": 0
  }
]