[
  {
    "id": "dc8ecbf4-a20e-4a11-9b1d-7eeb222020da",
    "data": [
      {
        "text": "kun je ",
        "userDefined": false
      },
      {
        "text": "de",
        "meta": "@sys.ignore",
        "userDefined": false
      },
      {
        "text": " vorige instructie nog eens geven?",
        "userDefined": false
      }
    ],
    "isTemplate": false,
    "count": 0,
    "updated": 0
  },
  {
    "id": "e26c9883-e375-43a9-a00a-5fd1c17a94ac",
    "data": [
      {
        "text": "een",
        "meta": "@sys.ignore",
        "userDefined": false
      },
      {
        "text": " stap terug graag",
        "userDefined": false
      }
    ],
    "isTemplate": false,
    "count": 0,
    "updated": 0
  },
  {
    "id": "4465dfa0-42d0-469c-b384-f9844f4fab13",
    "data": [
      {
        "text": "wat was ",
        "userDefined": false
      },
      {
        "text": "de",
        "meta": "@sys.ignore",
        "userDefined": false
      },
      {
        "text": " eerdere stap",
        "userDefined": false
      }
    ],
    "isTemplate": false,
    "count": 0,
    "updated": 0
  },
  {
    "id": "38e278df-dddf-4e84-bdd0-2808d1163888",
    "data": [
      {
        "text": "wat moest ik hiervoor ook alweer ",
        "userDefined": false
      },
      {
        "text": "doen",
        "meta": "@sys.ignore",
        "userDefined": false
      },
      {
        "text": "?",
        "userDefined": false
      }
    ],
    "isTemplate": false,
    "count": 0,
    "updated": 0
  },
  {
    "id": "146d594f-7d34-4756-b2ce-3529d0b5fb08",
    "data": [
      {
        "text": "vorige stap",
        "userDefined": false
      }
    ],
    "isTemplate": false,
    "count": 0,
    "updated": 0
  },
  {
    "id": "cbfc5b4a-8648-48fc-9811-942894549f9a",
    "data": [
      {
        "text": "vorige",
        "userDefined": false
      }
    ],
    "isTemplate": false,
    "count": 0,
    "updated": 0
  }
]