[
  {
    "id": "ab1e746b-189d-4267-a0ab-b6625320d607",
    "data": [
      {
        "text": "iets anders",
        "meta": "@sys.ignore",
        "userDefined": false
      },
      {
        "text": " graag",
        "userDefined": false
      }
    ],
    "isTemplate": false,
    "count": 0,
    "updated": 0
  },
  {
    "id": "d8b6cc58-2f91-44ce-a0b1-6c374b3a9e19",
    "data": [
      {
        "text": "ander",
        "userDefined": false
      }
    ],
    "isTemplate": false,
    "count": 0,
    "updated": 0
  },
  {
    "id": "2c8810a3-2d9d-4b0b-94c3-f883611cc671",
    "data": [
      {
        "text": "ander ",
        "userDefined": false
      },
      {
        "text": "recept",
        "alias": "recept",
        "meta": "@recept",
        "userDefined": false
      }
    ],
    "isTemplate": false,
    "count": 0,
    "updated": 0
  },
  {
    "id": "1577a33f-3fe8-49d0-81da-c1892a60d859",
    "data": [
      {
        "text": "ik zou graag iets anders ",
        "userDefined": false
      },
      {
        "text": "koken",
        "meta": "@sys.ignore",
        "userDefined": false
      }
    ],
    "isTemplate": false,
    "count": 0,
    "updated": 0
  },
  {
    "id": "cf4a1969-69ef-43c6-9b0e-eea8c41f0993",
    "data": [
      {
        "text": "Ik ga liever voor ",
        "userDefined": false
      },
      {
        "text": "een",
        "meta": "@sys.ignore",
        "userDefined": false
      },
      {
        "text": " nieuw ",
        "userDefined": false
      },
      {
        "text": "recept",
        "alias": "recept",
        "meta": "@recept",
        "userDefined": true
      }
    ],
    "isTemplate": false,
    "count": 0,
    "updated": 0
  },
  {
    "id": "4e4a2dd8-3867-4c7e-b5ec-79554c173550",
    "data": [
      {
        "text": "Ik ben benieuwd naar de opties",
        "userDefined": false
      }
    ],
    "isTemplate": false,
    "count": 0,
    "updated": 0
  },
  {
    "id": "82492441-10f6-4958-b949-29eeb3701984",
    "data": [
      {
        "text": "Kun je me ",
        "userDefined": false
      },
      {
        "text": "de",
        "meta": "@sys.ignore",
        "userDefined": false
      },
      {
        "text": " keuzemogelijkheden geven?",
        "userDefined": false
      }
    ],
    "isTemplate": false,
    "count": 0,
    "updated": 0
  },
  {
    "id": "21b75b59-ee07-4469-89eb-370a6c030999",
    "data": [
      {
        "text": "Kun je me ",
        "userDefined": false
      },
      {
        "text": "de",
        "meta": "@sys.ignore",
        "userDefined": false
      },
      {
        "text": " opties uit ",
        "userDefined": false
      },
      {
        "text": "recepten",
        "alias": "recept",
        "meta": "@recept",
        "userDefined": true
      },
      {
        "text": " tonen?",
        "userDefined": false
      }
    ],
    "isTemplate": false,
    "count": 0,
    "updated": 0
  },
  {
    "id": "879ed0b6-d1d3-42af-a510-b7394683bccb",
    "data": [
      {
        "text": "Welke keuze uit ",
        "userDefined": false
      },
      {
        "text": "recepten",
        "alias": "recept",
        "meta": "@recept",
        "userDefined": true
      },
      {
        "text": " heb ik?",
        "userDefined": false
      }
    ],
    "isTemplate": false,
    "count": 0,
    "updated": 0
  },
  {
    "id": "11ff09a9-7fd0-4c22-85ee-c105578ad120",
    "data": [
      {
        "text": "Uit welke ",
        "userDefined": false
      },
      {
        "text": "recepten",
        "alias": "recept",
        "meta": "@recept",
        "userDefined": true
      },
      {
        "text": " kan ik kiezen?",
        "userDefined": false
      }
    ],
    "isTemplate": false,
    "count": 0,
    "updated": 0
  },
  {
    "id": "fefe310e-108d-40d3-ac86-ecc468f32092",
    "data": [
      {
        "text": "Welke ",
        "userDefined": false
      },
      {
        "text": "recepten",
        "alias": "recept",
        "meta": "@recept",
        "userDefined": true
      },
      {
        "text": " zijn er om uit te kiezen?",
        "userDefined": false
      }
    ],
    "isTemplate": false,
    "count": 0,
    "updated": 0
  },
  {
    "id": "21930d06-f0df-4495-82cc-20c55db8175b",
    "data": [
      {
        "text": "Welke ",
        "userDefined": false
      },
      {
        "text": "recepten",
        "alias": "recept",
        "meta": "@recept",
        "userDefined": true
      },
      {
        "text": " zijn er?",
        "userDefined": false
      }
    ],
    "isTemplate": false,
    "count": 0,
    "updated": 0
  },
  {
    "id": "3077b222-a248-441a-9257-aa71f99fbcda",
    "data": [
      {
        "text": "Waar kan ik uit kiezen?",
        "userDefined": false
      }
    ],
    "isTemplate": false,
    "count": 0,
    "updated": 0
  }
]