[
  {
    "value": "kookt",
    "synonyms": [
      "kookt",
      "heeft gekookt",
      "koken",
      "hebben gekookt"
    ]
  },
  {
    "value": "de oven is warm",
    "synonyms": [
      "de oven is warm",
      "de oven is voorverwarmd",
      "de oven is voor verwarmd",
      "de oven is op temperatuur",
      "op temperatuur",
      "voorverwarmd",
      "de oven is nu klaar",
      "warm",
      "oven"
    ]
  },
  {
    "value": "gebakken",
    "synonyms": [
      "gebakken",
      "is glazig",
      "gaar",
      "glazig",
      "gaar gebakken",
      "glazig gebakken",
      "gegrilled",
      "gegrild"
    ]
  }
]