[
  {
    "value": "pasta aglio e olio",
    "synonyms": [
      "pasta",
      "pasta aglio e olio"
    ]
  },
  {
    "value": "pannenkoeken",
    "synonyms": [
      "pannenkoeken",
      "pannenkoek",
      "pancakes",
      "flensjes"
    ]
  },
  {
    "value": "noedels",
    "synonyms": [
      "noedels",
      "noodles"
    ]
  },
  {
    "value": "ovenschotel",
    "synonyms": [
      "ovenschotel",
      "casserole",
      "schotel uit de oven",
      "mexicaanse ovenschotel"
    ]
  },
  {
    "value": "sate",
    "synonyms": [
      "Sate",
      "sate",
      "kipsate"
    ]
  },
  {
    "value": "risotto met spinazie a la crème",
    "synonyms": [
      "risotto met spinazie a la crème",
      "risotto met spinazie",
      "risotto"
    ]
  },
  {
    "value": "wok \u0027n roll",
    "synonyms": [
      "wok \u0027n roll",
      "wok"
    ]
  },
  {
    "value": "maaltijdwraps met kip, avocado en yoghurt-knoflooksaus",
    "synonyms": [
      "maaltijdwraps met kip, avocado en yoghurt-knoflooksaus",
      "maaltijdwraps"
    ]
  },
  {
    "value": "Chicken parmesan pasta",
    "synonyms": [
      "Chicken parmesan pasta",
      "chicken parmesan"
    ]
  },
  {
    "value": "karbonade romige saus met aardappelpuree",
    "synonyms": [
      "karbonade romige saus met aardappelpuree",
      "karbonade"
    ]
  },
  {
    "value": "teriyaki-kipballetjes met rijst",
    "synonyms": [
      "teriyaki-kipballetjes met rijst",
      "teriyaki-kipballetjes"
    ]
  },
  {
    "value": "Andijviestamppot",
    "synonyms": [
      "Andijviestamppot"
    ]
  },
  {
    "value": "kip caprese",
    "synonyms": [
      "kip caprese"
    ]
  },
  {
    "value": "spaghetti met avocadosaus",
    "synonyms": [
      "spaghetti met avocadosaus"
    ]
  },
  {
    "value": "garnalencurry met kokosrijst",
    "synonyms": [
      "garnalencurry met kokosrijst",
      "garnalencurry"
    ]
  },
  {
    "value": "maaltijdsalade met bramen, bietjes en blauwe kaas",
    "synonyms": [
      "maaltijdsalade met bramen, bietjes en blauwe kaas",
      "maaltijdsalade"
    ]
  },
  {
    "value": "pastasalade op zijn Grieks",
    "synonyms": [
      "pastasalade op zijn Grieks",
      "pastasalade"
    ]
  },
  {
    "value": "Geroosterde aardappelbloemkoolsalade",
    "synonyms": [
      "Geroosterde aardappelbloemkoolsalade",
      "aardappelbloemkoolsalade"
    ]
  }
]