[
  {
    "value": "zit in de oven",
    "synonyms": [
      "zit in de oven",
      "is in de oven",
      "in de oven geplaatst"
    ]
  },
  {
    "value": "gemixt",
    "synonyms": [
      "gemixt",
      "geroerd",
      "Klaar met roeren",
      "klaar met mixen",
      "mixen"
    ]
  },
  {
    "value": "Het zit in de schaal",
    "synonyms": [
      "zit in de schaal",
      "zit in de kom",
      "zit in de bak",
      "ligt op het bord",
      "zit in de ovenschaal"
    ]
  },
  {
    "value": "is gesneden",
    "synonyms": [
      "gesneden",
      "gehakt",
      "gepeld",
      "geschild",
      "schillen",
      "hakken",
      "snijden",
      "pellen"
    ]
  },
  {
    "value": "gebakken",
    "synonyms": [
      "gebakken",
      "gaar",
      "uitgebakken",
      "geroosterd",
      "verhit",
      "rul"
    ]
  },
  {
    "value": "geperst",
    "synonyms": [
      "geperst",
      "geprakt",
      "gestampt"
    ]
  },
  {
    "value": "samengevoegd",
    "synonyms": [
      "samengevoegd",
      "toegevoegd",
      "gemengd",
      "erin geschept",
      "samen gevoegd",
      "zit erop"
    ]
  },
  {
    "value": "De pan is van het vuur",
    "synonyms": [
      "De pan is van het vuur",
      "van het vuur",
      "ervanaf",
      "er van af",
      "er vanaf",
      "ervan af"
    ]
  },
  {
    "value": "afgegoten",
    "synonyms": [
      "afgegoten",
      "afgieten"
    ]
  },
  {
    "value": "gezeeft",
    "synonyms": [
      "gezeeft",
      "zeven"
    ]
  },
  {
    "value": "bestrooid",
    "synonyms": [
      "bestrooid",
      "besprenkeld"
    ]
  },
  {
    "value": "pureer",
    "synonyms": [
      "pureer",
      "gepureerd",
      "puree"
    ]
  },
  {
    "value": "snipper",
    "synonyms": [
      "snipper",
      "gesnipperd",
      "versnipperd"
    ]
  },
  {
    "value": "verwijder",
    "synonyms": [
      "verwijder",
      "verwijderen",
      "verwijderd"
    ]
  },
  {
    "value": "slinken",
    "synonyms": [
      "slinken",
      "geslonken"
    ]
  },
  {
    "value": "schaafen",
    "synonyms": [
      "schaafen",
      "schaven",
      "schaaven",
      "schafen",
      "geschaaft",
      "geschaven",
      "geschafen"
    ]
  },
  {
    "value": "op smaak brengen",
    "synonyms": [
      "op smaak brengen",
      "op smaak gebracht"
    ]
  },
  {
    "value": "wassen",
    "synonyms": [
      "wassen",
      "gewassen",
      "wast",
      "gewast"
    ]
  },
  {
    "value": "drogen",
    "synonyms": [
      "drogen",
      "gedroogd",
      "droog",
      "afgedroogd"
    ]
  },
  {
    "value": "uitlekken",
    "synonyms": [
      "uitlekken",
      "uitgelekt"
    ]
  },
  {
    "value": "plukken",
    "synonyms": [
      "plukken",
      "pluk",
      "plukt",
      "geplukt"
    ]
  },
  {
    "value": "verdelen",
    "synonyms": [
      "verdelen",
      "verdeeld",
      "verdeel"
    ]
  },
  {
    "value": "raspen",
    "synonyms": [
      "raspen",
      "rasp",
      "geraspt",
      "gerapst"
    ]
  },
  {
    "value": "afkoelen",
    "synonyms": [
      "afkoelen",
      "afgekoeld"
    ]
  },
  {
    "value": "grof hakken",
    "synonyms": [
      "grof hakken",
      "grof gehakt",
      "grof"
    ]
  },
  {
    "value": "gerkruid",
    "synonyms": [
      "gekruid",
      "gemarineerd"
    ]
  },
  {
    "value": "verbrokkelen",
    "synonyms": [
      "verbrokkelen",
      "verbrokkeld",
      "gebrokkeld"
    ]
  },
  {
    "value": "halveren",
    "synonyms": [
      "halveren",
      "gehalveerd"
    ]
  },
  {
    "value": "rissen",
    "synonyms": [
      "rissen",
      "ris",
      "gerist",
      "ritsen",
      "geritst",
      "rits"
    ]
  },
  {
    "value": "schoonmaken",
    "synonyms": [
      "schoonmaken",
      "schoon gemaakt",
      "schoongemaakt",
      "schoon"
    ]
  }
]