[
  {
    "id": "e6afa279-08eb-47b7-ab8b-38f89055ea53",
    "data": [
      {
        "text": "Volgende",
        "userDefined": false
      }
    ],
    "isTemplate": false,
    "count": 0,
    "updated": 0
  },
  {
    "id": "1b7c262c-879a-4001-bdeb-ab14ae817daa",
    "data": [
      {
        "text": "En door",
        "userDefined": false
      }
    ],
    "isTemplate": false,
    "count": 0,
    "updated": 0
  },
  {
    "id": "6c4a5d52-9105-4d64-b5eb-9fa8c74ef68d",
    "data": [
      {
        "text": "Door naar ",
        "userDefined": false
      },
      {
        "text": "de",
        "meta": "@sys.ignore",
        "userDefined": false
      },
      {
        "text": " volgende",
        "userDefined": false
      }
    ],
    "isTemplate": false,
    "count": 0,
    "updated": 0
  },
  {
    "id": "28cdb8c1-6875-409d-9d8b-17046a4ff400",
    "data": [
      {
        "text": "En ",
        "userDefined": false
      },
      {
        "text": "nu",
        "meta": "@sys.ignore",
        "userDefined": false
      },
      {
        "text": "?",
        "userDefined": false
      }
    ],
    "isTemplate": false,
    "count": 0,
    "updated": 0
  },
  {
    "id": "ed00f979-86ce-48d5-b3ad-951ee23b36ed",
    "data": [
      {
        "text": "What next",
        "meta": "@sys.ignore",
        "userDefined": false
      },
      {
        "text": "?",
        "userDefined": false
      }
    ],
    "isTemplate": false,
    "count": 0,
    "updated": 0
  },
  {
    "id": "8911503b-56cb-4cb7-bfdc-83414b04426f",
    "data": [
      {
        "text": "Volgende stap",
        "userDefined": false
      }
    ],
    "isTemplate": false,
    "count": 0,
    "updated": 0
  },
  {
    "id": "aa100187-1a8a-4ef0-9049-512516900ce2",
    "data": [
      {
        "text": "Next",
        "meta": "@sys.ignore",
        "userDefined": false
      }
    ],
    "isTemplate": false,
    "count": 0,
    "updated": 0
  },
  {
    "id": "64702899-28b0-45fa-88b7-54f5b700d4e5",
    "data": [
      {
        "text": "Ok",
        "meta": "@sys.ignore",
        "userDefined": false
      }
    ],
    "isTemplate": false,
    "count": 0,
    "updated": 0
  },
  {
    "id": "47364b86-928f-4f5c-84de-31a919ec1a2f",
    "data": [
      {
        "text": "Okee",
        "meta": "@sys.ignore",
        "userDefined": false
      }
    ],
    "isTemplate": false,
    "count": 0,
    "updated": 0
  },
  {
    "id": "20cd92fe-7fac-430e-8f21-03dd326d5cff",
    "data": [
      {
        "text": "Check",
        "userDefined": false
      }
    ],
    "isTemplate": false,
    "count": 0,
    "updated": 0
  },
  {
    "id": "0f079d74-4f5d-47be-8f15-0a7e55425952",
    "data": [
      {
        "text": "Gedaan",
        "userDefined": false
      }
    ],
    "isTemplate": false,
    "count": 0,
    "updated": 0
  },
  {
    "id": "b277f9aa-dad5-41bd-a567-230b8ea1a572",
    "data": [
      {
        "text": "Gelukt",
        "userDefined": false
      }
    ],
    "isTemplate": false,
    "count": 1,
    "updated": 0
  }
]