[
  {
    "id": "8950d990-6e69-4f54-8e51-9c0483e23eeb",
    "data": [
      {
        "text": "Hoe pak ik dat aan met ",
        "userDefined": false
      },
      {
        "text": "knoflook",
        "alias": "ingredient",
        "meta": "@ingredient",
        "userDefined": true
      },
      {
        "text": "?",
        "userDefined": false
      }
    ],
    "isTemplate": false,
    "count": 0,
    "updated": 0
  },
  {
    "id": "8ce88ef2-156a-4989-bab9-e61b87d050d2",
    "data": [
      {
        "text": "Hoe pak ik dat aan?",
        "userDefined": false
      }
    ],
    "isTemplate": false,
    "count": 0,
    "updated": 0
  },
  {
    "id": "a3bc20de-b1ba-4766-acbb-4f3630b5c512",
    "data": [
      {
        "text": "Hoe moet ik ",
        "userDefined": false
      },
      {
        "text": "snijden",
        "alias": "skill",
        "meta": "@skill",
        "userDefined": true
      },
      {
        "text": "?",
        "userDefined": false
      }
    ],
    "isTemplate": false,
    "count": 0,
    "updated": 0
  },
  {
    "id": "48cc976f-ec1b-45ea-a41a-22d985173edd",
    "data": [
      {
        "text": "Hoe kan ik ",
        "userDefined": false
      },
      {
        "text": "de",
        "meta": "@sys.ignore",
        "userDefined": false
      },
      {
        "text": " ",
        "userDefined": false
      },
      {
        "text": "knoflook",
        "alias": "ingredient",
        "meta": "@ingredient",
        "userDefined": true
      },
      {
        "text": " het beste ",
        "userDefined": false
      },
      {
        "text": "snijden",
        "alias": "skill",
        "meta": "@skill",
        "userDefined": true
      },
      {
        "text": "?",
        "userDefined": false
      }
    ],
    "isTemplate": false,
    "count": 0,
    "updated": 0
  },
  {
    "id": "9bad3be3-49f3-4854-b3aa-1505bda115ed",
    "data": [
      {
        "text": "kun je me ",
        "userDefined": false
      },
      {
        "text": "de",
        "meta": "@sys.ignore",
        "userDefined": false
      },
      {
        "text": " techniek uitleggen?",
        "userDefined": false
      }
    ],
    "isTemplate": false,
    "count": 0,
    "updated": 0
  },
  {
    "id": "256c9172-5637-41b0-8c62-03ba00f25ded",
    "data": [
      {
        "text": "Hoe ",
        "userDefined": false
      },
      {
        "text": "pas",
        "meta": "@sys.ignore",
        "userDefined": false
      },
      {
        "text": " ik die techniek toe?",
        "userDefined": false
      }
    ],
    "isTemplate": false,
    "count": 0,
    "updated": 0
  },
  {
    "id": "3eb6f94c-5797-461a-b978-ef3f069252eb",
    "data": [
      {
        "text": "Hoe doe ik dat?",
        "userDefined": false
      }
    ],
    "isTemplate": false,
    "count": 0,
    "updated": 0
  },
  {
    "id": "ff36cec7-4a01-48c4-b2d6-f59d84aecee7",
    "data": [
      {
        "text": "Hoe gaat dat?",
        "userDefined": false
      }
    ],
    "isTemplate": false,
    "count": 0,
    "updated": 0
  },
  {
    "id": "c216e51f-1dde-48a3-96da-1061c6035a4f",
    "data": [
      {
        "text": "Hoe moet dat?",
        "userDefined": false
      }
    ],
    "isTemplate": false,
    "count": 0,
    "updated": 0
  },
  {
    "id": "6a283e4b-e7b7-4d5d-866a-5ec1224b81cd",
    "data": [
      {
        "text": "Hoe moet ik dat doen?",
        "userDefined": false
      }
    ],
    "isTemplate": false,
    "count": 0,
    "updated": 0
  }
]