[
  {
    "id": "5c6b28f3-e1bd-44a5-9581-aed967c41a1b",
    "data": [
      {
        "text": "Ik ben benieuwd naar de opties",
        "userDefined": false
      }
    ],
    "isTemplate": false,
    "count": 0,
    "updated": 0
  },
  {
    "id": "56a807b9-9676-4a0c-8bba-cd98c229e327",
    "data": [
      {
        "text": "Kun je me ",
        "userDefined": false
      },
      {
        "text": "de",
        "meta": "@sys.ignore",
        "userDefined": false
      },
      {
        "text": " keuzemogelijkheden geven?",
        "userDefined": false
      }
    ],
    "isTemplate": false,
    "count": 0,
    "updated": 0
  },
  {
    "id": "de17c011-d9f1-400b-9832-6e81dd19a58e",
    "data": [
      {
        "text": "Kun je me ",
        "userDefined": false
      },
      {
        "text": "de",
        "meta": "@sys.ignore",
        "userDefined": false
      },
      {
        "text": " opties uit recepten tonen?",
        "userDefined": false
      }
    ],
    "isTemplate": false,
    "count": 0,
    "updated": 0
  },
  {
    "id": "b2922bc5-4829-4ce3-b48e-1058e670c077",
    "data": [
      {
        "text": "Welke keuze uit recepten heb ik?",
        "userDefined": false
      }
    ],
    "isTemplate": false,
    "count": 0,
    "updated": 0
  },
  {
    "id": "6b1c2a53-703f-46fe-bb73-1cb796dd859b",
    "data": [
      {
        "text": "Uit welke recepten kan ik kiezen?",
        "userDefined": false
      }
    ],
    "isTemplate": false,
    "count": 0,
    "updated": 0
  },
  {
    "id": "2963c4c8-aed0-471c-832c-1ca796858682",
    "data": [
      {
        "text": "Welke recepten zijn er om uit te kiezen?",
        "userDefined": false
      }
    ],
    "isTemplate": false,
    "count": 0,
    "updated": 0
  },
  {
    "id": "68e49ebf-2726-4631-ad95-8b8ebe23308f",
    "data": [
      {
        "text": "Welke recepten zijn er?",
        "userDefined": false
      }
    ],
    "isTemplate": false,
    "count": 0,
    "updated": 0
  },
  {
    "id": "b5eb9082-f1fd-4b0d-a4ed-c80d137904d5",
    "data": [
      {
        "text": "Waar kan ik uit kiezen?",
        "userDefined": false
      }
    ],
    "isTemplate": false,
    "count": 0,
    "updated": 0
  }
]