[
  {
    "id": "bfd8812d-3df9-4f47-8c45-6d68964e3620",
    "data": [
      {
        "text": "Hoe pak ik dat aan met ",
        "userDefined": false
      },
      {
        "text": "knoflook",
        "alias": "ingredient",
        "meta": "@ingredient",
        "userDefined": true
      },
      {
        "text": "?",
        "userDefined": false
      }
    ],
    "isTemplate": false,
    "count": 0,
    "updated": 0
  },
  {
    "id": "7c2deedf-0480-4052-960f-ef9e65a635f0",
    "data": [
      {
        "text": "Hoe pak ik dat aan?",
        "userDefined": false
      }
    ],
    "isTemplate": false,
    "count": 0,
    "updated": 0
  },
  {
    "id": "94766b69-79ce-4378-a1da-3b5e9eda2e03",
    "data": [
      {
        "text": "Hoe moet ik ",
        "userDefined": false
      },
      {
        "text": "snijden",
        "alias": "skill",
        "meta": "@skill",
        "userDefined": true
      },
      {
        "text": "?",
        "userDefined": false
      }
    ],
    "isTemplate": false,
    "count": 0,
    "updated": 0
  },
  {
    "id": "b04a50df-8130-408b-89c9-abee632b5494",
    "data": [
      {
        "text": "Hoe kan ik ",
        "userDefined": false
      },
      {
        "text": "de",
        "meta": "@sys.ignore",
        "userDefined": false
      },
      {
        "text": " ",
        "userDefined": false
      },
      {
        "text": "knoflook",
        "alias": "ingredient",
        "meta": "@ingredient",
        "userDefined": true
      },
      {
        "text": " het beste ",
        "userDefined": false
      },
      {
        "text": "snijden",
        "alias": "skill",
        "meta": "@skill",
        "userDefined": true
      },
      {
        "text": "?",
        "userDefined": false
      }
    ],
    "isTemplate": false,
    "count": 0,
    "updated": 0
  },
  {
    "id": "6d394a95-c325-4aa0-873f-96511ec61b18",
    "data": [
      {
        "text": "kun je me ",
        "userDefined": false
      },
      {
        "text": "de",
        "meta": "@sys.ignore",
        "userDefined": false
      },
      {
        "text": " techniek uitleggen?",
        "userDefined": false
      }
    ],
    "isTemplate": false,
    "count": 0,
    "updated": 0
  },
  {
    "id": "d4564e58-a7fd-4a86-9ee6-2834c8af9138",
    "data": [
      {
        "text": "Hoe ",
        "userDefined": false
      },
      {
        "text": "pas",
        "meta": "@sys.ignore",
        "userDefined": false
      },
      {
        "text": " ik die techniek toe?",
        "userDefined": false
      }
    ],
    "isTemplate": false,
    "count": 0,
    "updated": 0
  },
  {
    "id": "eae996a3-083f-49d9-969f-29a726bcc4ad",
    "data": [
      {
        "text": "Hoe doe ik dat?",
        "userDefined": false
      }
    ],
    "isTemplate": false,
    "count": 0,
    "updated": 0
  },
  {
    "id": "347e1faf-4dec-4137-afdf-55301825c362",
    "data": [
      {
        "text": "Hoe gaat dat?",
        "userDefined": false
      }
    ],
    "isTemplate": false,
    "count": 0,
    "updated": 0
  },
  {
    "id": "15cd1770-e1d1-4535-b84d-7af7dfd58af2",
    "data": [
      {
        "text": "Hoe moet dat?",
        "userDefined": false
      }
    ],
    "isTemplate": false,
    "count": 0,
    "updated": 0
  },
  {
    "id": "e7386e37-72ea-4693-804d-ee92f5b3bfa1",
    "data": [
      {
        "text": "Hoe moet ik dat doen?",
        "userDefined": false
      }
    ],
    "isTemplate": false,
    "count": 0,
    "updated": 0
  }
]