[
  {
    "id": "72528b86-fbf3-465f-a6b0-f4968398c2fd",
    "data": [
      {
        "text": "hoeveel ",
        "userDefined": false
      },
      {
        "text": "teentjes",
        "alias": "unit",
        "meta": "@units",
        "userDefined": true
      },
      {
        "text": "?",
        "userDefined": false
      }
    ],
    "isTemplate": false,
    "count": 0,
    "updated": 0
  },
  {
    "id": "9a5ff581-494a-4480-a95c-8e50fcc7973e",
    "data": [
      {
        "text": "wat was ",
        "userDefined": false
      },
      {
        "text": "de",
        "meta": "@sys.ignore",
        "userDefined": false
      },
      {
        "text": " hoeveelheid ",
        "userDefined": false
      },
      {
        "text": "knoflook",
        "alias": "ingredient",
        "meta": "@ingredient",
        "userDefined": false
      },
      {
        "text": "?",
        "userDefined": false
      }
    ],
    "isTemplate": false,
    "count": 0,
    "updated": 0
  },
  {
    "id": "5780413d-37e1-46ec-9555-2dfb7869cd72",
    "data": [
      {
        "text": "Hoeveel ",
        "userDefined": false
      },
      {
        "text": "knoflook ook",
        "alias": "ingredient",
        "meta": "@ingredient",
        "userDefined": false
      },
      {
        "text": " alweer?",
        "userDefined": false
      }
    ],
    "isTemplate": false,
    "count": 0,
    "updated": 0
  },
  {
    "id": "a16a43b6-3d44-41b4-bcab-fcb0aa513d2e",
    "data": [
      {
        "text": "hoeveel ",
        "userDefined": false
      },
      {
        "text": "geraspte kaas",
        "alias": "ingredient",
        "meta": "@ingredient",
        "userDefined": false
      },
      {
        "text": " raadt je aan?",
        "userDefined": false
      }
    ],
    "isTemplate": false,
    "count": 0,
    "updated": 0
  },
  {
    "id": "3098cafa-638c-4828-9cfd-100e94287159",
    "data": [
      {
        "text": "Hoeveel ",
        "userDefined": false
      },
      {
        "text": "kaas",
        "alias": "ingredient",
        "meta": "@ingredient",
        "userDefined": false
      },
      {
        "text": "?",
        "userDefined": false
      }
    ],
    "isTemplate": false,
    "count": 0,
    "updated": 0
  },
  {
    "id": "3c42be31-779e-47e1-904a-95c0596ead06",
    "data": [
      {
        "text": "Hoeveel ",
        "userDefined": false
      },
      {
        "text": "liter",
        "alias": "unit-volume-name",
        "meta": "@sys.unit-volume-name",
        "userDefined": false
      },
      {
        "text": " ",
        "userDefined": false
      },
      {
        "text": "water",
        "alias": "ingredient",
        "meta": "@ingredient",
        "userDefined": false
      },
      {
        "text": "?",
        "userDefined": false
      }
    ],
    "isTemplate": false,
    "count": 0,
    "updated": 0
  },
  {
    "id": "90034271-ac90-45c4-bc71-4cce85ca9e1f",
    "data": [
      {
        "text": "Hoeveel ",
        "userDefined": false
      },
      {
        "text": "water",
        "alias": "ingredient",
        "meta": "@ingredient",
        "userDefined": false
      },
      {
        "text": "?",
        "userDefined": false
      }
    ],
    "isTemplate": false,
    "count": 0,
    "updated": 0
  },
  {
    "id": "1685df60-1631-437f-a387-a40a01cf7e65",
    "data": [
      {
        "text": "Hoeveel precies?",
        "userDefined": false
      }
    ],
    "isTemplate": false,
    "count": 0,
    "updated": 0
  },
  {
    "id": "6f450ff9-6c7f-4f02-ad87-4d63a00d80c6",
    "data": [
      {
        "text": "Wat is ",
        "userDefined": false
      },
      {
        "text": "de",
        "meta": "@sys.ignore",
        "userDefined": false
      },
      {
        "text": " beste hoeveelheid?",
        "userDefined": false
      }
    ],
    "isTemplate": false,
    "count": 0,
    "updated": 0
  },
  {
    "id": "764737c2-53d1-42e0-8de2-e88b3c569e7c",
    "data": [
      {
        "text": "Welke hoeveelheid?",
        "userDefined": false
      }
    ],
    "isTemplate": false,
    "count": 0,
    "updated": 0
  },
  {
    "id": "a803ff3f-6162-4ec3-9785-e46044c25499",
    "data": [
      {
        "text": "Hoeveel ",
        "userDefined": false
      },
      {
        "text": "gram",
        "alias": "unit-weight-name",
        "meta": "@sys.unit-weight-name",
        "userDefined": false
      },
      {
        "text": "?",
        "userDefined": false
      }
    ],
    "isTemplate": false,
    "count": 0,
    "updated": 0
  },
  {
    "id": "7f42c33d-5c35-4d68-9f51-2e09efdd340e",
    "data": [
      {
        "text": "Hoeveel ",
        "userDefined": false
      },
      {
        "text": "liter",
        "alias": "unit-volume-name",
        "meta": "@sys.unit-volume-name",
        "userDefined": false
      },
      {
        "text": "?",
        "userDefined": false
      }
    ],
    "isTemplate": false,
    "count": 0,
    "updated": 0
  },
  {
    "id": "93cfd688-472e-4f2f-a269-429b2debbb7a",
    "data": [
      {
        "text": "Hoeveel heb ik nodig?",
        "userDefined": false
      }
    ],
    "isTemplate": false,
    "count": 0,
    "updated": 0
  },
  {
    "id": "8a1ef53f-f92b-4633-a4d1-3d0006a8f4b4",
    "data": [
      {
        "text": "Hoeveel?",
        "userDefined": false
      }
    ],
    "isTemplate": false,
    "count": 0,
    "updated": 0
  }
]