[
  {
    "id": "990769de-2283-49db-a70a-b1f36b61d0fa",
    "data": [
      {
        "text": "dankje",
        "userDefined": false
      }
    ],
    "isTemplate": false,
    "count": 0,
    "updated": 0
  },
  {
    "id": "dc726bb3-ff68-47f0-b0e2-a0dac0dbc14d",
    "data": [
      {
        "text": "Ik ga ",
        "userDefined": false
      },
      {
        "text": "lekker eten",
        "meta": "@sys.ignore",
        "userDefined": false
      }
    ],
    "isTemplate": false,
    "count": 0,
    "updated": 0
  },
  {
    "id": "78642b04-f098-4046-b44b-e9a99d105f45",
    "data": [
      {
        "text": "Fijn!",
        "userDefined": false
      }
    ],
    "isTemplate": false,
    "count": 0,
    "updated": 0
  },
  {
    "id": "8660f799-c12c-47fc-ac73-f2134d17b937",
    "data": [
      {
        "text": "Veel dank",
        "userDefined": false
      }
    ],
    "isTemplate": false,
    "count": 0,
    "updated": 0
  },
  {
    "id": "a15c2135-331a-4e31-8228-dd1ec5b0b113",
    "data": [
      {
        "text": "Dankjewel",
        "userDefined": false
      }
    ],
    "isTemplate": false,
    "count": 0,
    "updated": 0
  }
]