[
  {
    "id": "d4dc2017-d280-4550-9fa7-79ae46c63e02",
    "data": [
      {
        "text": "Waar is deze stap voor nodig?",
        "userDefined": false
      }
    ],
    "isTemplate": false,
    "count": 0,
    "updated": 0
  },
  {
    "id": "40848e5e-ef72-4ad3-abec-2669a399dd2c",
    "data": [
      {
        "text": "Kun je deze stap motiveren?",
        "userDefined": false
      }
    ],
    "isTemplate": false,
    "count": 0,
    "updated": 0
  },
  {
    "id": "728065dd-25f4-416b-8a46-7893b44a51b5",
    "data": [
      {
        "text": "Wat is ",
        "userDefined": false
      },
      {
        "text": "de",
        "meta": "@sys.ignore",
        "userDefined": false
      },
      {
        "text": " reden van deze stap?",
        "userDefined": false
      }
    ],
    "isTemplate": false,
    "count": 0,
    "updated": 0
  },
  {
    "id": "de60f521-cdd7-45b6-b843-158dfe918c23",
    "data": [
      {
        "text": "Waarom moet ik dat doen?",
        "userDefined": false
      }
    ],
    "isTemplate": false,
    "count": 0,
    "updated": 0
  }
]