[
  {
    "id": "24c01cc2-4eb1-41db-94c6-261a6bea2bdd",
    "data": [
      {
        "text": "Volgende",
        "userDefined": false
      }
    ],
    "isTemplate": false,
    "count": 0,
    "updated": 0
  },
  {
    "id": "07871e4b-b2e1-4b78-8a22-515275dd0360",
    "data": [
      {
        "text": "En door",
        "userDefined": false
      }
    ],
    "isTemplate": false,
    "count": 0,
    "updated": 0
  },
  {
    "id": "5eb6abfe-8e23-4615-8b02-a353564b624a",
    "data": [
      {
        "text": "Door naar ",
        "userDefined": false
      },
      {
        "text": "de",
        "meta": "@sys.ignore",
        "userDefined": false
      },
      {
        "text": " volgende",
        "userDefined": false
      }
    ],
    "isTemplate": false,
    "count": 0,
    "updated": 0
  },
  {
    "id": "9fd8e445-3ae6-4eee-9ad7-8cb81194aaf9",
    "data": [
      {
        "text": "En ",
        "userDefined": false
      },
      {
        "text": "nu",
        "meta": "@sys.ignore",
        "userDefined": false
      },
      {
        "text": "?",
        "userDefined": false
      }
    ],
    "isTemplate": false,
    "count": 0,
    "updated": 0
  },
  {
    "id": "cf1127bc-0c2d-43b1-b43f-ca344f51f322",
    "data": [
      {
        "text": "What next",
        "meta": "@sys.ignore",
        "userDefined": false
      },
      {
        "text": "?",
        "userDefined": false
      }
    ],
    "isTemplate": false,
    "count": 0,
    "updated": 0
  },
  {
    "id": "f057bfc0-70d9-44bb-8492-f26cc6df3307",
    "data": [
      {
        "text": "Volgende stap",
        "userDefined": false
      }
    ],
    "isTemplate": false,
    "count": 0,
    "updated": 0
  },
  {
    "id": "420f0de1-1507-46c8-bc5b-ac3452a4bda8",
    "data": [
      {
        "text": "Next",
        "meta": "@sys.ignore",
        "userDefined": false
      }
    ],
    "isTemplate": false,
    "count": 0,
    "updated": 0
  },
  {
    "id": "6ff067a6-b682-4636-b7ab-274e5d3fe86e",
    "data": [
      {
        "text": "Ok",
        "meta": "@sys.ignore",
        "userDefined": false
      }
    ],
    "isTemplate": false,
    "count": 0,
    "updated": 0
  },
  {
    "id": "3e8e5afe-542a-4098-8b54-c4167fc518dd",
    "data": [
      {
        "text": "Okee",
        "meta": "@sys.ignore",
        "userDefined": false
      }
    ],
    "isTemplate": false,
    "count": 0,
    "updated": 0
  },
  {
    "id": "df05c507-96f7-420f-911d-b5714f865bcf",
    "data": [
      {
        "text": "Check",
        "userDefined": false
      }
    ],
    "isTemplate": false,
    "count": 0,
    "updated": 0
  },
  {
    "id": "b62fbb93-0a2f-45bf-8d9d-84b76e02aafe",
    "data": [
      {
        "text": "Gedaan",
        "userDefined": false
      }
    ],
    "isTemplate": false,
    "count": 0,
    "updated": 0
  },
  {
    "id": "9f524c55-37a1-4121-a385-b3420d0eb82f",
    "data": [
      {
        "text": "Gelukt",
        "userDefined": false
      }
    ],
    "isTemplate": false,
    "count": 1,
    "updated": 0
  }
]