[
  {
    "id": "c9d191b7-9a0c-4f04-9525-1ecfab3c53e8",
    "data": [
      {
        "text": "juist",
        "meta": "@sys.ignore",
        "userDefined": false
      }
    ],
    "isTemplate": false,
    "count": 0,
    "updated": 0
  },
  {
    "id": "9677edaa-60f8-42ce-a0db-eecdf7e568f8",
    "data": [
      {
        "text": "vandaar",
        "meta": "@sys.ignore",
        "userDefined": false
      }
    ],
    "isTemplate": false,
    "count": 0,
    "updated": 0
  },
  {
    "id": "c92932b8-9246-47c2-b14c-52f1ea033ab0",
    "data": [
      {
        "text": "op die manier",
        "userDefined": false
      }
    ],
    "isTemplate": false,
    "count": 0,
    "updated": 0
  },
  {
    "id": "88fa62c0-d9a2-4322-9740-e7a9bf843e8c",
    "data": [
      {
        "text": "okee",
        "meta": "@sys.ignore",
        "userDefined": false
      }
    ],
    "isTemplate": false,
    "count": 0,
    "updated": 0
  },
  {
    "id": "d087c98d-e79e-41ca-bbd2-19db35990cec",
    "data": [
      {
        "text": "ok",
        "meta": "@sys.ignore",
        "userDefined": false
      }
    ],
    "isTemplate": false,
    "count": 0,
    "updated": 0
  },
  {
    "id": "2441679d-9876-4624-a5d0-d65453d118eb",
    "data": [
      {
        "text": "aha",
        "meta": "@sys.ignore",
        "userDefined": false
      }
    ],
    "isTemplate": false,
    "count": 0,
    "updated": 0
  }
]