[
  {
    "id": "31e0bd10-906e-4b80-b9d3-a29ff7dac5eb",
    "data": [
      {
        "text": "Veel dank",
        "userDefined": false
      }
    ],
    "isTemplate": false,
    "count": 0,
    "updated": 0
  },
  {
    "id": "9fa6ee77-15bf-4152-a4da-6445a3335acc",
    "data": [
      {
        "text": "Dank",
        "meta": "@sys.ignore",
        "userDefined": false
      }
    ],
    "isTemplate": false,
    "count": 0,
    "updated": 0
  },
  {
    "id": "7237546e-3c98-48ae-aede-491c58307767",
    "data": [
      {
        "text": "thanks",
        "userDefined": false
      }
    ],
    "isTemplate": false,
    "count": 0,
    "updated": 0
  },
  {
    "id": "a88777dc-724a-47ce-96ee-40be5c67cac9",
    "data": [
      {
        "text": "Dankjewel",
        "userDefined": false
      }
    ],
    "isTemplate": false,
    "count": 0,
    "updated": 0
  },
  {
    "id": "3aa125fc-387d-418b-ba26-03dce00875aa",
    "data": [
      {
        "text": "Dankje",
        "userDefined": false
      }
    ],
    "isTemplate": false,
    "count": 0,
    "updated": 0
  }
]