[
  {
    "id": "f3d986cb-46fa-4bec-8a12-b1c83c6cd975",
    "data": [
      {
        "text": "Kun je dat toelichten?",
        "userDefined": false
      }
    ],
    "isTemplate": false,
    "count": 0,
    "updated": 0
  },
  {
    "id": "679c12de-e583-4ca5-8ffd-e8aef2090591",
    "data": [
      {
        "text": "Wat moet ik precies doen?",
        "userDefined": false
      }
    ],
    "isTemplate": false,
    "count": 0,
    "updated": 0
  },
  {
    "id": "abeac34d-0ced-4988-8559-c9ee3e603000",
    "data": [
      {
        "text": "Dat snap ik niet",
        "userDefined": false
      }
    ],
    "isTemplate": false,
    "count": 0,
    "updated": 0
  },
  {
    "id": "6adbda06-b92d-40bf-9ed4-faa680acbc6a",
    "data": [
      {
        "text": "Hoe bedoel je dat?",
        "userDefined": false
      }
    ],
    "isTemplate": false,
    "count": 0,
    "updated": 0
  }
]