[
  {
    "id": "4ac511f1-3434-4f59-89e7-953e0e980a5d",
    "data": [
      {
        "text": "Ik ben ",
        "userDefined": false
      },
      {
        "text": "de",
        "meta": "@sys.ignore",
        "userDefined": false
      },
      {
        "text": " stap vergeten",
        "userDefined": false
      }
    ],
    "isTemplate": false,
    "count": 0,
    "updated": 0
  },
  {
    "id": "ec527e24-6b98-47da-8bab-4cc5ef2c51c8",
    "data": [
      {
        "text": "Wat is ",
        "userDefined": false
      },
      {
        "text": "de",
        "meta": "@sys.ignore",
        "userDefined": false
      },
      {
        "text": " stap ook alweer?",
        "userDefined": false
      }
    ],
    "isTemplate": false,
    "count": 0,
    "updated": 0
  },
  {
    "id": "c0298fc2-8b6e-4c73-bdb9-7c62dba0849e",
    "data": [
      {
        "text": "Wat zei je?",
        "userDefined": false
      }
    ],
    "isTemplate": false,
    "count": 0,
    "updated": 0
  },
  {
    "id": "e98aa551-5140-4d84-adf1-10f4c6778ed9",
    "data": [
      {
        "text": "Kun je dat herhalen?",
        "userDefined": false
      }
    ],
    "isTemplate": false,
    "count": 0,
    "updated": 0
  },
  {
    "id": "b0894a96-4c87-49b8-ac36-96c1aec6ac19",
    "data": [
      {
        "text": "Wat moet ik doen?",
        "userDefined": false
      }
    ],
    "isTemplate": false,
    "count": 0,
    "updated": 0
  }
]